t,dt,depth,lat,lon,D,I,F,dD,dI,dF,subs,type,UID,FID
1949.223373921332,27.471294110158933,2.5,33.2309,35.7689,,,36.94222538189495,6.460189892875843,6.225235714285714,5.394600669085128,BIR2-1,sediment,0,b'n\x07\xf6\xd7C\x85\xb9I\x11\xd8\xfem\xa5)\xd4-\x04\xe0\xc3o4d{\x11\xb3\x12+\xb4\xc3tq\xa7'
1932.822058305526,30.90048169878925,5.0,33.2309,35.7689,,,31.671161068131877,5.743906304490393,5.267507142857142,5.394600669085128,BIR2-1,sediment,1,b'n\x07\xf6\xd7C\x85\xb9I\x11\xd8\xfem\xa5)\xd4-\x04\xe0\xc3o4d{\x11\xb3\x12+\xb4\xc3tq\xa7'
1917.076795314353,35.94970656180113,7.4,33.2309,35.7689,,,37.41856862097517,3.702337499565717,2.873185714285714,5.394600669085128,BIR2-1,sediment,2,b'n\x07\xf6\xd7C\x85\xb9I\x11\xd8\xfem\xa5)\xd4-\x04\xe0\xc3o4d{\x11\xb3\x12+\xb4\xc3tq\xa7'
1901.33153232318,42.09912894993671,9.8,33.2309,35.7689,,,31.594018278563958,3.859001134869047,3.3520499999999998,5.394600669085128,BIR2-1,sediment,3,b'n\x07\xf6\xd7C\x85\xb9I\x11\xd8\xfem\xa5)\xd4-\x04\xe0\xc3o4d{\x11\xb3\x12+\xb4\xc3tq\xa7'
1887.284800849255,44.57824544905083,12.2,33.2309,35.7689,,,58.73803046519959,3.578257227838329,2.3943214285714283,5.394600669085128,BIR2-1,sediment,4,b'n\x07\xf6\xd7C\x85\xb9I\x11\xd8\xfem\xa5)\xd4-\x04\xe0\xc3o4d{\x11\xb3\x12+\xb4\xc3tq\xa7'
1873.9713279780176,47.56013950152339,14.5,33.2309,35.7689,,,53.269523766948005,3.4616182987648045,2.873185714285714,5.394600669085128,BIR2-1,sediment,5,b'n\x07\xf6\xd7C\x85\xb9I\x11\xd8\xfem\xa5)\xd4-\x04\xe0\xc3o4d{\x11\xb3\x12+\xb4\xc3tq\xa7'
1860.0790084602056,51.53787767136521,16.9,33.2309,35.7689,,,43.954127331571804,4.742108835564602,3.990535714285714,5.394600669085128,BIR2-1,sediment,6,b'n\x07\xf6\xd7C\x85\xb9I\x11\xd8\xfem\xa5)\xd4-\x04\xe0\xc3o4d{\x11\xb3\x12+\xb4\xc3tq\xa7'
1846.765535588969,56.00829432551205,19.2,33.2309,35.7689,-28.311056229450635,51.52070972395616,59.52941838335438,4.365095253310044,3.192428571428571,5.394600669085128,BIR2-1,sediment,7,b'n\x07\xf6\xd7C\x85\xb9I\x11\xd8\xfem\xa5)\xd4-\x04\xe0\xc3o4d{\x11\xb3\x12+\xb4\xc3tq\xa7'
1832.6544199939124,58.45441926687778,21.6,33.2309,35.7689,-5.8110562294506325,49.04723099688593,65.69167072765032,3.358657049892499,2.553942857142857,5.394600669085128,BIR2-1,sediment,8,b'n\x07\xf6\xd7C\x85\xb9I\x11\xd8\xfem\xa5)\xd4-\x04\xe0\xc3o4d{\x11\xb3\x12+\xb4\xc3tq\xa7'
1817.8413849588308,60.50978775929992,24.1,33.2309,35.7689,-8.811056229450633,51.91053854007169,59.59523251151722,4.833187239899954,3.5116714285714283,5.394600669085128,BIR2-1,sediment,9,b'n\x07\xf6\xd7C\x85\xb9I\x11\xd8\xfem\xa5)\xd4-\x04\xe0\xc3o4d{\x11\xb3\x12+\xb4\xc3tq\xa7'
1803.620871325152,63.37920278698357,26.5,33.2309,35.7689,-13.811056229450633,49.447341634305495,54.51837382184121,2.745345038521405,2.0750785714285715,5.394600669085128,BIR2-1,sediment,10,b'n\x07\xf6\xd7C\x85\xb9I\x11\xd8\xfem\xa5)\xd4-\x04\xe0\xc3o4d{\x11\xb3\x12+\xb4\xc3tq\xa7'
1790.5854004942796,66.68360052890185,28.7,33.2309,35.7689,-18.111056229450632,57.755631500513935,56.851538611220526,3.447973124007384,2.2347,5.394600669085128,BIR2-1,sediment,11,b'n\x07\xf6\xd7C\x85\xb9I\x11\xd8\xfem\xa5)\xd4-\x04\xe0\xc3o4d{\x11\xb3\x12+\xb4\xc3tq\xa7'
1776.1640210982616,68.86557727048717,31.1,33.2309,35.7689,-19.711056229450634,49.24749625811999,54.41425802892787,2.947630641830466,2.2347,5.394600669085128,BIR2-1,sediment,12,b'n\x07\xf6\xd7C\x85\xb9I\x11\xd8\xfem\xa5)\xd4-\x04\xe0\xc3o4d{\x11\xb3\x12+\xb4\xc3tq\xa7'
1762.116036817459,69.40438625224338,33.4,33.2309,35.7689,-34.311056229450635,57.93830897941437,47.34247601182417,4.945992017983229,3.192428571428571,5.394600669085128,BIR2-1,sediment,13,b'n\x07\xf6\xd7C\x85\xb9I\x11\xd8\xfem\xa5)\xd4-\x04\xe0\xc3o4d{\x11\xb3\x12+\xb4\xc3tq\xa7'
1747.457270611404,70.830781245256,35.8,33.2309,35.7689,-7.911056229450633,52.588888253574815,66.20038157074505,4.89004711219954,3.5116714285714283,5.394600669085128,BIR2-1,sediment,14,b'n\x07\xf6\xd7C\x85\xb9I\x11\xd8\xfem\xa5)\xd4-\x04\xe0\xc3o4d{\x11\xb3\x12+\xb4\xc3tq\xa7'
1732.7985044053487,73.08845806058261,38.2,33.2309,35.7689,-0.811056229450633,58.48425761566586,87.87265029872765,3.50582977098344,2.2347,5.394600669085128,BIR2-1,sediment,15,b'n\x07\xf6\xd7C\x85\xb9I\x11\xd8\xfem\xa5)\xd4-\x04\xe0\xc3o4d{\x11\xb3\x12+\xb4\xc3tq\xa7'
1718.6443660765074,75.19576113972106,40.5,33.2309,35.7689,17.988943770549366,53.64510282068547,79.80124877764247,3.624494554805688,2.553942857142857,5.394600669085128,BIR2-1,sediment,16,b'n\x07\xf6\xd7C\x85\xb9I\x11\xd8\xfem\xa5)\xd4-\x04\xe0\xc3o4d{\x11\xb3\x12+\xb4\xc3tq\xa7'
1702.8440477050065,75.32656878797532,43.0,33.2309,35.7689,1.888943770549367,50.24255103939912,72.87943665913934,7.268753058967096,5.427128571428571,5.394600669085128,BIR2-1,sediment,17,b'n\x07\xf6\xd7C\x85\xb9I\x11\xd8\xfem\xa5)\xd4-\x04\xe0\xc3o4d{\x11\xb3\x12+\xb4\xc3tq\xa7'
1687.6757420683657,76.33573690641197,45.4,33.2309,35.7689,0.18894377054936695,60.54886248147768,57.64778166997748,6.321761743351066,3.830914285714285,5.394600669085128,BIR2-1,sediment,18,b'n\x07\xf6\xd7C\x85\xb9I\x11\xd8\xfem\xa5)\xd4-\x04\xe0\xc3o4d{\x11\xb3\x12+\xb4\xc3tq\xa7'
1672.5074364317247,78.17679061216872,47.8,33.2309,35.7689,1.1889437705493668,58.21167237313345,55.991639264568356,6.22112090784711,3.990535714285714,5.394600669085128,BIR2-1,sediment,19,b'n\x07\xf6\xd7C\x85\xb9I\x11\xd8\xfem\xa5)\xd4-\x04\xe0\xc3o4d{\x11\xb3\x12+\xb4\xc3tq\xa7'
1658.603156264804,80.5469659224314,50.0,33.2309,35.7689,0.9889437705493669,68.49029633588734,72.14145528760851,6.8000467429472895,3.192428571428571,5.394600669085128,BIR2-1,sediment,20,b'n\x07\xf6\xd7C\x85\xb9I\x11\xd8\xfem\xa5)\xd4-\x04\xe0\xc3o4d{\x11\xb3\x12+\xb4\xc3tq\xa7'
1641.8632111612758,80.1648304682982,52.6,33.2309,35.7689,16.188943770549365,50.73619486957376,53.819233575127775,5.386758848808573,3.990535714285714,5.394600669085128,BIR2-1,sediment,21,b'n\x07\xf6\xd7C\x85\xb9I\x11\xd8\xfem\xa5)\xd4-\x04\xe0\xc3o4d{\x11\xb3\x12+\xb4\xc3tq\xa7'
1627.698642227521,80.62479064467514,54.8,33.2309,35.7689,0.08894377054936697,57.8470139067847,59.85255496343259,3.208273595478196,2.0750785714285715,5.394600669085128,BIR2-1,sediment,22,b'n\x07\xf6\xd7C\x85\xb9I\x11\xd8\xfem\xa5)\xd4-\x04\xe0\xc3o4d{\x11\xb3\x12+\xb4\xc3tq\xa7'
1611.602541166436,82.00311610660772,57.3,33.2309,35.7689,-11.911056229450633,48.74604295541898,64.09594784973494,4.597656045487529,3.5116714285714283,5.394600669085128,BIR2-1,sediment,23,b'n\x07\xf6\xd7C\x85\xb9I\x11\xd8\xfem\xa5)\xd4-\x04\xe0\xc3o4d{\x11\xb3\x12+\xb4\xc3tq\xa7'
1595.5064401053512,84.24797278132866,59.8,33.2309,35.7689,-12.311056229450633,60.90349018687579,51.888505995662214,2.658495197839021,1.5962142857142856,5.394600669085128,BIR2-1,sediment,24,b'n\x07\xf6\xd7C\x85\xb9I\x11\xd8\xfem\xa5)\xd4-\x04\xe0\xc3o4d{\x11\xb3\x12+\xb4\xc3tq\xa7'
1579.8904725232123,83.76897802424664,62.2,33.2309,35.7689,-1.1110562294506332,47.429838920064,51.79140318361868,5.537830406334084,4.309778571428572,5.394600669085128,BIR2-1,sediment,25,b'n\x07\xf6\xd7C\x85\xb9I\x11\xd8\xfem\xa5)\xd4-\x04\xe0\xc3o4d{\x11\xb3\x12+\xb4\xc3tq\xa7'
1565.5621930259606,83.81232854441541,64.4,33.2309,35.7689,-13.211056229450634,50.8346157343369,52.511042912874636,8.63248879908408,6.384857142857142,5.394600669085128,BIR2-1,sediment,26,b'n\x07\xf6\xd7C\x85\xb9I\x11\xd8\xfem\xa5)\xd4-\x04\xe0\xc3o4d{\x11\xb3\x12+\xb4\xc3tq\xa7'
1549.931342665322,84.69887045786041,66.8,33.2309,35.7689,-10.011056229450634,63.7817839184772,63.64010409319725,10.67235823390899,5.905992857142857,5.394600669085128,BIR2-1,sediment,27,b'n\x07\xf6\xd7C\x85\xb9I\x11\xd8\xfem\xa5)\xd4-\x04\xe0\xc3o4d{\x11\xb3\x12+\xb4\xc3tq\xa7'
1534.3004923046838,86.43441856881576,69.2,33.2309,35.7689,2.888943770549367,52.974337079047515,69.45710199467175,3.580709777570399,2.553942857142857,5.394600669085128,BIR2-1,sediment,28,b'n\x07\xf6\xd7C\x85\xb9I\x11\xd8\xfem\xa5)\xd4-\x04\xe0\xc3o4d{\x11\xb3\x12+\xb4\xc3tq\xa7'
1519.6390116970986,86.12364194042402,71.5,33.2309,35.7689,-4.911056229450633,59.47717511212594,85.56699797276066,9.23090171760335,5.746371428571428,5.394600669085128,BIR2-1,sediment,29,b'n\x07\xf6\xd7C\x85\xb9I\x11\xd8\xfem\xa5)\xd4-\x04\xe0\xc3o4d{\x11\xb3\x12+\xb4\xc3tq\xa7'
1504.5170962506363,84.96478343817942,73.9,33.2309,35.7689,7.388943770549367,61.344981015744345,75.46884498030022,6.724652356659292,3.990535714285714,5.394600669085128,BIR2-1,sediment,30,b'n\x07\xf6\xd7C\x85\xb9I\x11\xd8\xfem\xa5)\xd4-\x04\xe0\xc3o4d{\x11\xb3\x12+\xb4\xc3tq\xa7'
1490.025260614444,84.51439994299587,76.2,33.2309,35.7689,3.888943770549367,61.256841099029444,76.83206056937802,9.123941940874769,5.427128571428571,5.394600669085128,BIR2-1,sediment,31,b'n\x07\xf6\xd7C\x85\xb9I\x11\xd8\xfem\xa5)\xd4-\x04\xe0\xc3o4d{\x11\xb3\x12+\xb4\xc3tq\xa7'
1474.903345167982,84.74463035698781,78.6,33.2309,35.7689,0.08894377054936697,50.73619486957376,87.51606719450112,2.154703539523429,1.5962142857142856,5.394600669085128,BIR2-1,sediment,32,b'n\x07\xf6\xd7C\x85\xb9I\x11\xd8\xfem\xa5)\xd4-\x04\xe0\xc3o4d{\x11\xb3\x12+\xb4\xc3tq\xa7'
1459.817877262686,84.2168238136021,81.0,33.2309,35.7689,-4.711056229450633,55.348329543862334,88.87011196244148,5.851239457408696,3.990535714285714,5.394600669085128,BIR2-1,sediment,33,b'n\x07\xf6\xd7C\x85\xb9I\x11\xd8\xfem\xa5)\xd4-\x04\xe0\xc3o4d{\x11\xb3\x12+\xb4\xc3tq\xa7'
1444.783435915023,82.34965738594458,83.4,33.2309,35.7689,3.788943770549367,60.46000437128571,86.97390982725805,2.1024402767703134,1.2769714285714284,5.394600669085128,BIR2-1,sediment,34,b'n\x07\xf6\xd7C\x85\xb9I\x11\xd8\xfem\xa5)\xd4-\x04\xe0\xc3o4d{\x11\xb3\x12+\xb4\xc3tq\xa7'
1429.1225595112069,81.21193261387356,85.9,33.2309,35.7689,16.388943770549368,58.84650437233245,97.58994448395069,4.040861470147925,2.553942857142857,5.394600669085128,BIR2-1,sediment,35,b'n\x07\xf6\xd7C\x85\xb9I\x11\xd8\xfem\xa5)\xd4-\x04\xe0\xc3o4d{\x11\xb3\x12+\xb4\xc3tq\xa7'
1415.340988275849,80.9197176512943,88.1,33.2309,35.7689,20.488943770549366,55.442057933349346,95.68834774809817,3.048354569475972,2.0750785714285715,5.394600669085128,BIR2-1,sediment,36,b'n\x07\xf6\xd7C\x85\xb9I\x11\xd8\xfem\xa5)\xd4-\x04\xe0\xc3o4d{\x11\xb3\x12+\xb4\xc3tq\xa7'
1399.202078266551,80.49957342338611,90.6,33.2309,35.7689,21.088943770549367,48.6454355877782,98.99631687838118,3.756184244336627,2.873185714285714,5.394600669085128,BIR2-1,sediment,37,b'n\x07\xf6\xd7C\x85\xb9I\x11\xd8\xfem\xa5)\xd4-\x04\xe0\xc3o4d{\x11\xb3\x12+\xb4\xc3tq\xa7'
1382.25550249696,78.24270634903712,93.0,33.2309,35.7689,25.288943770549366,46.71359043631383,100.20740472859079,2.640529833674714,2.0750785714285715,5.394600669085128,BIR2-1,sediment,38,b'n\x07\xf6\xd7C\x85\xb9I\x11\xd8\xfem\xa5)\xd4-\x04\xe0\xc3o4d{\x11\xb3\x12+\xb4\xc3tq\xa7'
1365.3089267273683,76.9660155175848,95.4,33.2309,35.7689,24.488943770549366,48.44390286256682,67.01658465197762,2.7048655253936262,2.0750785714285715,5.394600669085128,BIR2-1,sediment,39,b'n\x07\xf6\xd7C\x85\xb9I\x11\xd8\xfem\xa5)\xd4-\x04\xe0\xc3o4d{\x11\xb3\x12+\xb4\xc3tq\xa7'
1348.3623509577774,76.71845061549064,97.8,33.2309,35.7689,31.98894377054937,53.1664720559255,80.18534434528134,2.245660477232572,1.5962142857142856,5.394600669085128,BIR2-1,sediment,40,b'n\x07\xf6\xd7C\x85\xb9I\x11\xd8\xfem\xa5)\xd4-\x04\xe0\xc3o4d{\x11\xb3\x12+\xb4\xc3tq\xa7'
1331.8590671627542,77.35584969116498,100.1,33.2309,35.7689,10.788943770549366,60.46000437128571,39.61740785369427,6.044515795714651,3.671292857142857,5.394600669085128,BIR2-1,sediment,41,b'n\x07\xf6\xd7C\x85\xb9I\x11\xd8\xfem\xa5)\xd4-\x04\xe0\xc3o4d{\x11\xb3\x12+\xb4\xc3tq\xa7'
1259.1898666954178,84.85731727011667,107.6,33.2309,35.7689,26.08760612276899,55.72268670053005,10.37435654671761,10.611935727430046,7.182964285714285,5.394600669085128,BIR2-2,sediment,42,b'n\x07\xf6\xd7C\x85\xb9I\x11\xd8\xfem\xa5)\xd4-\x04\xe0\xc3o4d{\x11\xb3\x12+\xb4\xc3tq\xa7'
1225.3957489080622,91.45717214431193,110.8,33.2309,35.7689,4.587606122768986,59.925148513061444,36.84566202991833,3.8890226602288793,2.3943214285714283,5.394600669085128,BIR2-2,sediment,43,b'n\x07\xf6\xd7C\x85\xb9I\x11\xd8\xfem\xa5)\xd4-\x04\xe0\xc3o4d{\x11\xb3\x12+\xb4\xc3tq\xa7'
1202.9983049277207,93.040199500642,112.5,33.2309,35.7689,-3.8123938772310133,61.69675620093464,61.7039819130626,2.1725135559134894,1.2769714285714284,5.394600669085128,BIR2-2,sediment,44,b'n\x07\xf6\xd7C\x85\xb9I\x11\xd8\xfem\xa5)\xd4-\x04\xe0\xc3o4d{\x11\xb3\x12+\xb4\xc3tq\xa7'
1171.3783840142974,97.95406751197012,114.9,33.2309,35.7689,0.3876061227689864,57.2054909074318,61.695350551992064,3.4062483728614827,2.2347,5.394600669085128,BIR2-2,sediment,45,b'n\x07\xf6\xd7C\x85\xb9I\x11\xd8\xfem\xa5)\xd4-\x04\xe0\xc3o4d{\x11\xb3\x12+\xb4\xc3tq\xa7'
1138.4409663961485,105.96081477464072,117.4,33.2309,35.7689,-9.812393877231013,59.20739233976694,68.44723274941902,5.349552522990159,3.3520499999999998,5.394600669085128,BIR2-2,sediment,46,b'n\x07\xf6\xd7C\x85\xb9I\x11\xd8\xfem\xa5)\xd4-\x04\xe0\xc3o4d{\x11\xb3\x12+\xb4\xc3tq\xa7'
1108.1385421874509,115.41290256099782,119.7,33.2309,35.7689,-1.8123938772310133,59.925148513061444,62.28282256485543,6.4817044337148,3.990535714285714,5.394600669085128,BIR2-2,sediment,47,b'n\x07\xf6\xd7C\x85\xb9I\x11\xd8\xfem\xa5)\xd4-\x04\xe0\xc3o4d{\x11\xb3\x12+\xb4\xc3tq\xa7'
1071.7921336578677,114.81731379649231,122.2,33.2309,35.7689,-5.612393877231014,59.656613044374595,67.43628458403246,3.0905484771067115,1.9154571428571423,5.394600669085128,BIR2-2,sediment,48,b'n\x07\xf6\xd7C\x85\xb9I\x11\xd8\xfem\xa5)\xd4-\x04\xe0\xc3o4d{\x11\xb3\x12+\xb4\xc3tq\xa7'
1036.4533135683344,115.20601034170748,124.6,33.2309,35.7689,1.8876061227689864,57.8470139067847,53.398994183006046,3.208273595478196,2.0750785714285715,5.394600669085128,BIR2-2,sediment,49,b'n\x07\xf6\xd7C\x85\xb9I\x11\xd8\xfem\xa5)\xd4-\x04\xe0\xc3o4d{\x11\xb3\x12+\xb4\xc3tq\xa7'
1001.114493478801,118.19216451579484,127.0,33.2309,35.7689,3.9876061227689865,54.50056065714457,50.67903652565332,2.992606143811856,2.0750785714285715,5.394600669085128,BIR2-2,sediment,50,b'n\x07\xf6\xd7C\x85\xb9I\x11\xd8\xfem\xa5)\xd4-\x04\xe0\xc3o4d{\x11\xb3\x12+\xb4\xc3tq\xa7'
967.2481242263314,123.31836649027618,129.3,33.2309,35.7689,-5.712393877231014,59.20739233976694,52.5595943188964,2.2926653669957826,1.436592857142857,5.394600669085128,BIR2-2,sediment,51,b'n\x07\xf6\xd7C\x85\xb9I\x11\xd8\xfem\xa5)\xd4-\x04\xe0\xc3o4d{\x11\xb3\x12+\xb4\xc3tq\xa7'
929.8306927539014,117.76081072731574,131.7,33.2309,35.7689,-0.8123938772310138,55.348329543862334,51.71749715445221,2.3404957829634783,1.5962142857142856,5.394600669085128,BIR2-2,sediment,52,b'n\x07\xf6\xd7C\x85\xb9I\x11\xd8\xfem\xa5)\xd4-\x04\xe0\xc3o4d{\x11\xb3\x12+\xb4\xc3tq\xa7'
893.15208457163,109.62815432033544,134.0,33.2309,35.7689,-19.812393877231017,57.29740186871865,51.629565163546125,3.6568996134172393,2.3943214285714283,5.394600669085128,BIR2-2,sediment,53,b'n\x07\xf6\xd7C\x85\xb9I\x11\xd8\xfem\xa5)\xd4-\x04\xe0\xc3o4d{\x11\xb3\x12+\xb4\xc3tq\xa7'
834.14736706102,102.6976269820593,137.7,33.2309,35.7689,1.5876061227689864,57.29740186871865,39.95942553611427,3.169312998294941,2.0750785714285715,5.394600669085128,BIR2-2,sediment,54,b'n\x07\xf6\xd7C\x85\xb9I\x11\xd8\xfem\xa5)\xd4-\x04\xe0\xc3o4d{\x11\xb3\x12+\xb4\xc3tq\xa7'
795.6201654794745,102.2105938470606,140.1,33.2309,35.7689,-4.412393877231014,56.55961439981784,32.27211958266796,5.038931216152412,3.3520499999999998,5.394600669085128,BIR2-2,sediment,55,b'n\x07\xf6\xd7C\x85\xb9I\x11\xd8\xfem\xa5)\xd4-\x04\xe0\xc3o4d{\x11\xb3\x12+\xb4\xc3tq\xa7'
751.2539238968933,91.72980516809751,142.5,33.2309,35.7689,-10.412393877231013,52.104850958729685,27.971004469206385,4.628804540052473,3.3520499999999998,5.394600669085128,BIR2-2,sediment,56,b'n\x07\xf6\xd7C\x85\xb9I\x11\xd8\xfem\xa5)\xd4-\x04\xe0\xc3o4d{\x11\xb3\x12+\xb4\xc3tq\xa7'
705.0390889150377,89.48534997695963,145.0,33.2309,35.7689,-11.212393877231014,49.6467684520772,22.88767225872747,2.118221641365707,1.5962142857142856,5.394600669085128,BIR2-2,sediment,57,b'n\x07\xf6\xd7C\x85\xb9I\x11\xd8\xfem\xa5)\xd4-\x04\xe0\xc3o4d{\x11\xb3\x12+\xb4\xc3tq\xa7'
660.6728473324564,96.22554728962832,147.4,33.2309,35.7689,-21.41239387723101,42.51719336626107,21.28439693987537,3.280894715843582,2.713564285714285,5.394600669085128,BIR2-2,sediment,58,b'n\x07\xf6\xd7C\x85\xb9I\x11\xd8\xfem\xa5)\xd4-\x04\xe0\xc3o4d{\x11\xb3\x12+\xb4\xc3tq\xa7'
620.0037925484239,108.71958857552148,149.6,33.2309,35.7689,-20.112393877231014,45.26505779411951,26.596999678790407,2.1927899642614737,1.7558357142857142,5.394600669085128,BIR2-2,sediment,59,b'n\x07\xf6\xd7C\x85\xb9I\x11\xd8\xfem\xa5)\xd4-\x04\xe0\xc3o4d{\x11\xb3\x12+\xb4\xc3tq\xa7'
575.8787353611826,116.05763374410694,152.1,33.2309,35.7689,-23.112393877231014,47.93820877586289,28.760774007160446,3.098508348401192,2.3943214285714283,5.394600669085128,BIR2-2,sediment,60,b'n\x07\xf6\xd7C\x85\xb9I\x11\xd8\xfem\xa5)\xd4-\x04\xe0\xc3o4d{\x11\xb3\x12+\xb4\xc3tq\xa7'
533.9008112581603,126.29850123933576,154.5,33.2309,35.7689,-15.612393877231012,45.26505779411951,35.63996878037781,2.1927899642614737,1.7558357142857142,5.394600669085128,BIR2-2,sediment,61,b'n\x07\xf6\xd7C\x85\xb9I\x11\xd8\xfem\xa5)\xd4-\x04\xe0\xc3o4d{\x11\xb3\x12+\xb4\xc3tq\xa7'
491.9228871551381,140.76399347589995,156.9,33.2309,35.7689,-16.212393877231015,50.044371791920135,38.890215683501594,3.196879818274281,2.3943214285714283,5.394600669085128,BIR2-2,sediment,62,b'n\x07\xf6\xd7C\x85\xb9I\x11\xd8\xfem\xa5)\xd4-\x04\xe0\xc3o4d{\x11\xb3\x12+\xb4\xc3tq\xa7'
449.9449630521159,158.30017587552894,159.3,33.2309,35.7689,-16.712393877231015,41.44002627528981,40.51075372449477,2.0983635248825983,1.7558357142857142,5.394600669085128,BIR2-2,sediment,63,b'n\x07\xf6\xd7C\x85\xb9I\x11\xd8\xfem\xa5)\xd4-\x04\xe0\xc3o4d{\x11\xb3\x12+\xb4\xc3tq\xa7'
412.7573694891835,164.342005224868,161.5,33.2309,35.7689,-20.212393877231015,45.88849164917849,39.839665401260575,2.41115545125059,1.9154571428571423,5.394600669085128,BIR2-2,sediment,64,b'n\x07\xf6\xd7C\x85\xb9I\x11\xd8\xfem\xa5)\xd4-\x04\xe0\xc3o4d{\x11\xb3\x12+\xb4\xc3tq\xa7'
371.1839822121537,167.97384143616353,164.0,33.2309,35.7689,-11.812393877231013,47.83674947299086,39.71774742613925,1.4439027411032288,1.1173499999999998,5.394600669085128,BIR2-2,sediment,65,b'n\x07\xf6\xd7C\x85\xb9I\x11\xd8\xfem\xa5)\xd4-\x04\xe0\xc3o4d{\x11\xb3\x12+\xb4\xc3tq\xa7'
332.93646591728606,174.25402569286035,166.3,33.2309,35.7689,-12.212393877231014,51.03115098423715,39.24733824779503,1.948510805117603,1.436592857142857,5.394600669085128,BIR2-2,sediment,66,b'n\x07\xf6\xd7C\x85\xb9I\x11\xd8\xfem\xa5)\xd4-\x04\xe0\xc3o4d{\x11\xb3\x12+\xb4\xc3tq\xa7'
294.688949622419,183.05551916813116,168.6,33.2309,35.7689,-4.812393877231013,61.78450500564293,34.64844117739996,1.633311257645301,0.9577285714285712,5.394600669085128,BIR2-2,sediment,67,b'n\x07\xf6\xd7C\x85\xb9I\x11\xd8\xfem\xa5)\xd4-\x04\xe0\xc3o4d{\x11\xb3\x12+\xb4\xc3tq\xa7'
254.5045845925337,187.59976474971236,171.0,33.2309,35.7689,-8.512393877231014,49.34747134927609,38.6879181584109,4.006376422427173,3.032807142857142,5.394600669085128,BIR2-2,sediment,68,b'n\x07\xf6\xd7C\x85\xb9I\x11\xd8\xfem\xa5)\xd4-\x04\xe0\xc3o4d{\x11\xb3\x12+\xb4\xc3tq\xa7'
205.48510694376287,184.87378036065653,173.9,33.2309,35.7689,-18.41239387723101,42.624285813901444,35.20138774598119,3.4780191817723782,2.873185714285714,5.394600669085128,BIR2-2,sediment,69,b'n\x07\xf6\xd7C\x85\xb9I\x11\xd8\xfem\xa5)\xd4-\x04\xe0\xc3o4d{\x11\xb3\x12+\xb4\xc3tq\xa7'
175.0592242652158,185.32328824094404,175.7,33.2309,35.7689,-15.412393877231013,43.37076874455724,34.689979602551915,4.871544595545046,3.990535714285714,5.394600669085128,BIR2-2,sediment,70,b'n\x07\xf6\xd7C\x85\xb9I\x11\xd8\xfem\xa5)\xd4-\x04\xe0\xc3o4d{\x11\xb3\x12+\xb4\xc3tq\xa7'
134.49138069381928,188.45628256429436,178.1,33.2309,35.7689,-10.712393877231014,47.63350916393505,37.163943469394354,2.2625395830679382,1.7558357142857142,5.394600669085128,BIR2-2,sediment,71,b'n\x07\xf6\xd7C\x85\xb9I\x11\xd8\xfem\xa5)\xd4-\x04\xe0\xc3o4d{\x11\xb3\x12+\xb4\xc3tq\xa7'
96.30367815075977,191.52048488450856,180.4,33.2309,35.7689,-5.812393877231013,47.83674947299086,37.43529188304934,1.2376309209456249,0.9577285714285712,5.394600669085128,BIR2-2,sediment,72,b'n\x07\xf6\xd7C\x85\xb9I\x11\xd8\xfem\xa5)\xd4-\x04\xe0\xc3o4d{\x11\xb3\x12+\xb4\xc3tq\xa7'
59.874719856536736,184.5603258652125,182.8,33.2309,35.7689,-7.112393877231014,46.19872393350401,37.62518182660113,2.0173999119157533,1.5962142857142856,5.394600669085128,BIR2-2,sediment,73,b'n\x07\xf6\xd7C\x85\xb9I\x11\xd8\xfem\xa5)\xd4-\x04\xe0\xc3o4d{\x11\xb3\x12+\xb4\xc3tq\xa7'
23.445761562314143,180.08449305903048,185.2,33.2309,35.7689,-6.312393877231013,41.548254876523586,37.97583087009167,3.0556596833053598,2.553942857142857,5.394600669085128,BIR2-2,sediment,74,b'n\x07\xf6\xd7C\x85\xb9I\x11\xd8\xfem\xa5)\xd4-\x04\xe0\xc3o4d{\x11\xb3\x12+\xb4\xc3tq\xa7'
-11.465323469649674,178.30057282399872,187.5,33.2309,35.7689,-16.812393877231017,38.36314045201358,37.04795955500902,1.8506538999913795,1.5962142857142856,5.394600669085128,BIR2-2,sediment,75,b'n\x07\xf6\xd7C\x85\xb9I\x11\xd8\xfem\xa5)\xd4-\x04\xe0\xc3o4d{\x11\xb3\x12+\xb4\xc3tq\xa7'
-46.37640850161349,179.04424986732974,189.8,33.2309,35.7689,-11.412393877231013,49.84577805272799,35.99385458426979,2.5496454009117024,1.9154571428571423,5.394600669085128,BIR2-2,sediment,76,b'n\x07\xf6\xd7C\x85\xb9I\x11\xd8\xfem\xa5)\xd4-\x04\xe0\xc3o4d{\x11\xb3\x12+\xb4\xc3tq\xa7'
-75.28656007383691,172.6985760259092,192.3,33.2309,35.7689,-15.312393877231015,47.327842202747775,38.00658009390545,2.4578003755091866,1.9154571428571423,5.394600669085128,BIR2-2,sediment,77,b'n\x07\xf6\xd7C\x85\xb9I\x11\xd8\xfem\xa5)\xd4-\x04\xe0\xc3o4d{\x11\xb3\x12+\xb4\xc3tq\xa7'
-102.28593925405043,167.52795780952744,194.7,33.2309,35.7689,-12.612393877231014,38.58590472131053,37.79673012787804,2.410801966590931,2.0750785714285715,5.394600669085128,BIR2-2,sediment,78,b'n\x07\xf6\xd7C\x85\xb9I\x11\xd8\xfem\xa5)\xd4-\x04\xe0\xc3o4d{\x11\xb3\x12+\xb4\xc3tq\xa7'
-129.28531843426433,164.19098302401463,197.1,33.2309,35.7689,-6.612393877231014,39.91282725483697,39.756588550956664,1.878136262243352,1.5962142857142856,5.394600669085128,BIR2-2,sediment,79,b'n\x07\xf6\xd7C\x85\xb9I\x11\xd8\xfem\xa5)\xd4-\x04\xe0\xc3o4d{\x11\xb3\x12+\xb4\xc3tq\xa7'
-155.15972348196937,162.8186361907864,199.4,33.2309,35.7689,-6.012393877231014,34.39024883457795,47.84417387404908,2.6848262627856347,2.3943214285714283,5.394600669085128,BIR2-2,sediment,80,b'n\x07\xf6\xd7C\x85\xb9I\x11\xd8\xfem\xa5)\xd4-\x04\xe0\xc3o4d{\x11\xb3\x12+\xb4\xc3tq\xa7'
-175.5940673242428,159.55573358678788,201.7,33.2309,35.7689,-5.512393877231014,30.754648518793275,45.80015968053273,1.9190307245039189,1.7558357142857142,5.394600669085128,BIR2-2,sediment,81,b'n\x07\xf6\xd7C\x85\xb9I\x11\xd8\xfem\xa5)\xd4-\x04\xe0\xc3o4d{\x11\xb3\x12+\xb4\xc3tq\xa7'
-194.9133600967889,155.69075821264343,204.1,33.2309,35.7689,-2.3123938772310133,35.88233245315382,45.5951648551075,3.9846336926778063,3.5116714285714283,5.394600669085128,BIR2-2,sediment,82,b'n\x07\xf6\xd7C\x85\xb9I\x11\xd8\xfem\xa5)\xd4-\x04\xe0\xc3o4d{\x11\xb3\x12+\xb4\xc3tq\xa7'
-214.23265286933503,152.65196011951463,206.5,33.2309,35.7689,-1.1123938772310136,41.6563695326104,50.60081481595159,1.5295857901339869,1.2769714285714284,5.394600669085128,BIR2-2,sediment,83,b'n\x07\xf6\xd7C\x85\xb9I\x11\xd8\xfem\xa5)\xd4-\x04\xe0\xc3o4d{\x11\xb3\x12+\xb4\xc3tq\xa7'
-233.5519456418812,150.489396061398,208.9,33.2309,35.7689,1.4876061227689863,42.73126507968365,52.18197227206044,1.547631242533291,1.2769714285714284,5.394600669085128,BIR2-2,sediment,84,b'n\x07\xf6\xd7C\x85\xb9I\x11\xd8\xfem\xa5)\xd4-\x04\xe0\xc3o4d{\x11\xb3\x12+\xb4\xc3tq\xa7'
-251.598977540588,147.34445552918658,211.3,33.2309,35.7689,-5.912393877231013,41.11465613863163,68.67596381778822,2.091226980747248,1.7558357142857142,5.394600669085128,BIR2-2,sediment,85,b'n\x07\xf6\xd7C\x85\xb9I\x11\xd8\xfem\xa5)\xd4-\x04\xe0\xc3o4d{\x11\xb3\x12+\xb4\xc3tq\xa7'
-268.5694810075844,143.33074711063165,213.7,33.2309,35.7689,-4.412393877231014,43.158052054627596,82.93497230631402,1.166327094729782,0.9577285714285712,5.394600669085128,BIR2-2,sediment,86,b'n\x07\xf6\xd7C\x85\xb9I\x11\xd8\xfem\xa5)\xd4-\x04\xe0\xc3o4d{\x11\xb3\x12+\xb4\xc3tq\xa7'
-285.53998447458093,140.0444704013002,216.1,33.2309,35.7689,-4.5123938772310135,49.447341634305495,96.9253296815194,1.4782627130499872,1.1173499999999998,5.394600669085128,BIR2-2,sediment,87,b'n\x07\xf6\xd7C\x85\xb9I\x11\xd8\xfem\xa5)\xd4-\x04\xe0\xc3o4d{\x11\xb3\x12+\xb4\xc3tq\xa7'
-302.5104879415774,137.5377782402307,218.5,33.2309,35.7689,-5.0123938772310135,51.22727879259534,81.63757084539905,0.8687889973874184,0.6384857142857142,5.394600669085128,BIR2-2,sediment,88,b'n\x07\xf6\xd7C\x85\xb9I\x11\xd8\xfem\xa5)\xd4-\x04\xe0\xc3o4d{\x11\xb3\x12+\xb4\xc3tq\xa7'
-318.6558586958486,134.8227080406514,220.8,33.2309,35.7689,-4.112393877231014,48.6454355877782,75.59292079568917,1.2520614147788756,0.9577285714285712,5.394600669085128,BIR2-2,sediment,89,b'n\x07\xf6\xd7C\x85\xb9I\x11\xd8\xfem\xa5)\xd4-\x04\xe0\xc3o4d{\x11\xb3\x12+\xb4\xc3tq\xa7'
-334.57992619711854,130.7197598344269,223.1,33.2309,35.7689,2.9876061227689865,47.53172785809005,84.17411208000289,1.4377608009507303,1.1173499999999998,5.394600669085128,BIR2-2,sediment,90,b'n\x07\xf6\xd7C\x85\xb9I\x11\xd8\xfem\xa5)\xd4-\x04\xe0\xc3o4d{\x11\xb3\x12+\xb4\xc3tq\xa7'
-351.1963444593134,127.10756895069768,225.5,33.2309,35.7689,1.7876061227689863,47.53172785809005,82.61776978697182,1.0269720006790932,0.7981071428571428,5.394600669085128,BIR2-2,sediment,91,b'n\x07\xf6\xd7C\x85\xb9I\x11\xd8\xfem\xa5)\xd4-\x04\xe0\xc3o4d{\x11\xb3\x12+\xb4\xc3tq\xa7'
-368.50511348243305,124.13476197323124,228.0,33.2309,35.7689,4.4876061227689865,49.147416195468146,96.31843710624733,1.6818381206234796,1.2769714285714284,5.394600669085128,BIR2-2,sediment,92,b'n\x07\xf6\xd7C\x85\xb9I\x11\xd8\xfem\xa5)\xd4-\x04\xe0\xc3o4d{\x11\xb3\x12+\xb4\xc3tq\xa7'
-385.12531121631474,121.47027048032224,230.4,33.2309,35.7689,1.3876061227689864,49.54710727950241,90.55808251179822,1.480503268118294,1.1173499999999998,5.394600669085128,BIR2-2,sediment,93,b'n\x07\xf6\xd7C\x85\xb9I\x11\xd8\xfem\xa5)\xd4-\x04\xe0\xc3o4d{\x11\xb3\x12+\xb4\xc3tq\xa7'
-401.7644063086309,116.40894675775752,232.8,33.2309,35.7689,-9.012393877231014,50.63767160692041,83.20470233976829,2.151302235953451,1.5962142857142856,5.394600669085128,BIR2-2,sediment,94,b'n\x07\xf6\xd7C\x85\xb9I\x11\xd8\xfem\xa5)\xd4-\x04\xe0\xc3o4d{\x11\xb3\x12+\xb4\xc3tq\xa7'
-420.4833882874863,111.55894782194136,235.5,33.2309,35.7689,-23.212393877231015,47.53172785809005,67.01172951137545,2.8755216019014607,2.2347,5.394600669085128,BIR2-2,sediment,95,b'n\x07\xf6\xd7C\x85\xb9I\x11\xd8\xfem\xa5)\xd4-\x04\xe0\xc3o4d{\x11\xb3\x12+\xb4\xc3tq\xa7'
-437.1224833798024,108.09159610784268,237.9,33.2309,35.7689,-6.212393877231014,59.746207502040214,53.67465827719629,3.097398349111439,1.9154571428571423,5.394600669085128,BIR2-2,sediment,96,b'n\x07\xf6\xd7C\x85\xb9I\x11\xd8\xfem\xa5)\xd4-\x04\xe0\xc3o4d{\x11\xb3\x12+\xb4\xc3tq\xa7'
-453.4767231963912,105.29142610796252,240.3,33.2309,35.7689,-6.912393877231013,57.11349109770838,56.81539478673766,1.942530444736892,1.2769714285714284,5.394600669085128,BIR2-2,sediment,97,b'n\x07\xf6\xd7C\x85\xb9I\x11\xd8\xfem\xa5)\xd4-\x04\xe0\xc3o4d{\x11\xb3\x12+\xb4\xc3tq\xa7'
-466.6402883423473,102.04632467344538,242.5,33.2309,35.7689,0.9876061227689863,51.91053854007169,55.02978196527047,3.295354936295423,2.3943214285714283,5.394600669085128,BIR2-2,sediment,98,b'n\x07\xf6\xd7C\x85\xb9I\x11\xd8\xfem\xa5)\xd4-\x04\xe0\xc3o4d{\x11\xb3\x12+\xb4\xc3tq\xa7'
-481.59888509911553,99.03278985742632,245.0,33.2309,35.7689,-6.312393877231013,54.87828725597167,63.76256152838548,2.782660580016717,1.9154571428571423,5.394600669085128,BIR2-2,sediment,99,b'n\x07\xf6\xd7C\x85\xb9I\x11\xd8\xfem\xa5)\xd4-\x04\xe0\xc3o4d{\x11\xb3\x12+\xb4\xc3tq\xa7'
-495.9591379856132,96.8737882606398,247.4,33.2309,35.7689,2.2876061227689863,55.909310964661564,66.24677513649918,2.130487572928081,1.436592857142857,5.394600669085128,BIR2-2,sediment,100,b'n\x07\xf6\xd7C\x85\xb9I\x11\xd8\xfem\xa5)\xd4-\x04\xe0\xc3o4d{\x11\xb3\x12+\xb4\xc3tq\xa7'
-509.7210470018399,95.52551903315955,249.7,33.2309,35.7689,-0.5123938772310135,56.65215180552284,63.08715752461603,1.202102172873816,0.7981071428571428,5.394600669085128,BIR2-2,sediment,101,b'n\x07\xf6\xd7C\x85\xb9I\x11\xd8\xfem\xa5)\xd4-\x04\xe0\xc3o4d{\x11\xb3\x12+\xb4\xc3tq\xa7'
-521.5201248078725,93.7824053091594,252.0,33.2309,35.7689,6.887606122768986,54.121315209497645,53.27491836761709,3.199672238875646,2.2347,5.394600669085128,BIR2-2,sediment,102,b'n\x07\xf6\xd7C\x85\xb9I\x11\xd8\xfem\xa5)\xd4-\x04\xe0\xc3o4d{\x11\xb3\x12+\xb4\xc3tq\xa7'
-533.524980242137,92.21111427434327,254.4,33.2309,35.7689,4.9876061227689865,53.64510282068547,51.04479045101729,2.7183709161042664,1.9154571428571423,5.394600669085128,BIR2-2,sediment,103,b'n\x07\xf6\xd7C\x85\xb9I\x11\xd8\xfem\xa5)\xd4-\x04\xe0\xc3o4d{\x11\xb3\x12+\xb4\xc3tq\xa7'
-545.0296333666402,91.1063988123233,256.7,33.2309,35.7689,-0.21239387723101366,56.095567920144646,56.04342743099158,2.613937613636907,1.7558357142857142,5.394600669085128,BIR2-2,sediment,104,b'n\x07\xf6\xd7C\x85\xb9I\x11\xd8\xfem\xa5)\xd4-\x04\xe0\xc3o4d{\x11\xb3\x12+\xb4\xc3tq\xa7'
-557.0344888009048,90.38798916828192,259.1,33.2309,35.7689,-1.8123938772310133,53.549570930676715,53.55166138194115,2.93973954700205,2.0750785714285715,5.394600669085128,BIR2-2,sediment,105,b'n\x07\xf6\xd7C\x85\xb9I\x11\xd8\xfem\xa5)\xd4-\x04\xe0\xc3o4d{\x11\xb3\x12+\xb4\xc3tq\xa7'
-568.3128120091433,88.87373622743559,261.4,33.2309,35.7689,-2.412393877231014,53.74053797451898,60.05754978885781,2.950091269009176,2.0750785714285715,5.394600669085128,BIR2-2,sediment,106,b'n\x07\xf6\xd7C\x85\xb9I\x11\xd8\xfem\xa5)\xd4-\x04\xe0\xc3o4d{\x11\xb3\x12+\xb4\xc3tq\xa7'
-580.4137091884103,86.83248840865818,263.9,33.2309,35.7689,4.187606122768987,55.53569345043944,59.703663984965836,4.698608329233702,3.192428571428571,5.394600669085128,BIR2-2,sediment,107,b'n\x07\xf6\xd7C\x85\xb9I\x11\xd8\xfem\xa5)\xd4-\x04\xe0\xc3o4d{\x11\xb3\x12+\xb4\xc3tq\xa7'
-594.45074991636,85.13048269277391,266.8,33.2309,35.7689,-4.812393877231013,56.002485250892576,66.70153997290306,2.371745329652189,1.5962142857142856,5.394600669085128,BIR2-2,sediment,108,b'n\x07\xf6\xd7C\x85\xb9I\x11\xd8\xfem\xa5)\xd4-\x04\xe0\xc3o4d{\x11\xb3\x12+\xb4\xc3tq\xa7'
-605.5835753212857,84.31659614663482,269.1,33.2309,35.7689,-1.7123938772310137,52.104850958729685,69.74894989086926,1.1020963190601123,0.7981071428571428,5.394600669085128,BIR2-2,sediment,109,b'n\x07\xf6\xd7C\x85\xb9I\x11\xd8\xfem\xa5)\xd4-\x04\xe0\xc3o4d{\x11\xb3\x12+\xb4\xc3tq\xa7'
-617.1280890013132,82.60184356384735,271.5,33.2309,35.7689,-7.212393877231014,58.21167237313345,70.80305486160849,4.230362217336035,2.713564285714285,5.394600669085128,BIR2-2,sediment,110,b'n\x07\xf6\xd7C\x85\xb9I\x11\xd8\xfem\xa5)\xd4-\x04\xe0\xc3o4d{\x11\xb3\x12+\xb4\xc3tq\xa7'
-628.6291941140995,80.49230653273877,273.9,33.2309,35.7689,-0.5123938772310135,62.13472703968792,76.83421840964566,3.848266963380811,2.2347,5.394600669085128,BIR2-2,sediment,111,b'n\x07\xf6\xd7C\x85\xb9I\x11\xd8\xfem\xa5)\xd4-\x04\xe0\xc3o4d{\x11\xb3\x12+\xb4\xc3tq\xa7'
-639.6510865138532,78.88629648090973,276.2,33.2309,35.7689,3.3876061227689864,56.744599077288036,76.9070455186783,3.1316266041394543,2.0750785714285715,5.394600669085128,BIR2-2,sediment,112,b'n\x07\xf6\xd7C\x85\xb9I\x11\xd8\xfem\xa5)\xd4-\x04\xe0\xc3o4d{\x11\xb3\x12+\xb4\xc3tq\xa7'
-651.1521916266397,77.67184777635127,278.6,33.2309,35.7689,12.487606122768986,59.56693565517672,70.94547231927234,1.798847287998618,1.1173499999999998,5.394600669085128,BIR2-2,sediment,113,b'n\x07\xf6\xd7C\x85\xb9I\x11\xd8\xfem\xa5)\xd4-\x04\xe0\xc3o4d{\x11\xb3\x12+\xb4\xc3tq\xa7'
-662.5152953817512,76.10872235831941,281.0,33.2309,35.7689,20.08760612276899,59.29740367621783,66.95184944394862,2.2976565059750524,1.436592857142857,5.394600669085128,BIR2-2,sediment,114,b'n\x07\xf6\xd7C\x85\xb9I\x11\xd8\xfem\xa5)\xd4-\x04\xe0\xc3o4d{\x11\xb3\x12+\xb4\xc3tq\xa7'
-674.1506098133841,73.71682328151161,283.5,33.2309,35.7689,5.287606122768986,55.442057933349346,65.83085142491272,1.8759105042929056,1.2769714285714284,5.394600669085128,BIR2-2,sediment,115,b'n\x07\xf6\xd7C\x85\xb9I\x11\xd8\xfem\xa5)\xd4-\x04\xe0\xc3o4d{\x11\xb3\x12+\xb4\xc3tq\xa7'
-684.8550990904862,71.9387582021973,285.8,33.2309,35.7689,-5.112393877231014,63.09155854272499,56.412418116756996,3.672919938419499,2.0750785714285715,5.394600669085128,BIR2-2,sediment,116,b'n\x07\xf6\xd7C\x85\xb9I\x11\xd8\xfem\xa5)\xd4-\x04\xe0\xc3o4d{\x11\xb3\x12+\xb4\xc3tq\xa7'
-695.5595883675884,70.5972132951229,288.1,33.2309,35.7689,7.887606122768986,63.7817839184772,56.639530804925485,2.8844211442997274,1.5962142857142856,5.394600669085128,BIR2-2,sediment,117,b'n\x07\xf6\xd7C\x85\xb9I\x11\xd8\xfem\xa5)\xd4-\x04\xe0\xc3o4d{\x11\xb3\x12+\xb4\xc3tq\xa7'
-706.7147893320054,69.18214557100877,290.5,33.2309,35.7689,6.9876061227689865,62.48372284497094,53.477755352774686,4.441599182037786,2.553942857142857,5.394600669085128,BIR2-2,sediment,118,b'n\x07\xf6\xd7C\x85\xb9I\x11\xd8\xfem\xa5)\xd4-\x04\xe0\xc3o4d{\x11\xb3\x12+\xb4\xc3tq\xa7'
-718.2765993138863,66.17953163719623,293.0,33.2309,35.7689,10.587606122768985,63.17809382521086,56.178292447718704,2.266037978153684,1.2769714285714284,5.394600669085128,BIR2-2,sediment,119,b'n\x07\xf6\xd7C\x85\xb9I\x11\xd8\xfem\xa5)\xd4-\x04\xe0\xc3o4d{\x11\xb3\x12+\xb4\xc3tq\xa7'
-728.913464497217,63.85062357672532,295.3,33.2309,35.7689,11.387606122768986,62.74467371336634,58.772016449414835,2.796874607678664,1.5962142857142856,5.394600669085128,BIR2-2,sediment,120,b'n\x07\xf6\xd7C\x85\xb9I\x11\xd8\xfem\xa5)\xd4-\x04\xe0\xc3o4d{\x11\xb3\x12+\xb4\xc3tq\xa7'
-740.0128020798227,61.91565580986005,297.7,33.2309,35.7689,10.087606122768985,53.45394210641059,79.7963936370403,2.0316491021797427,1.436592857142857,5.394600669085128,BIR2-2,sediment,121,b'n\x07\xf6\xd7C\x85\xb9I\x11\xd8\xfem\xa5)\xd4-\x04\xe0\xc3o4d{\x11\xb3\x12+\xb4\xc3tq\xa7'
-744.1750536733,61.33039235019545,298.6,33.2309,35.7689,0.14720086703072877,54.87828725597167,104.08180692912774,2.782660580016717,1.9154571428571423,5.394600669085128,BIR2-3,sediment,122,b'n\x07\xf6\xd7C\x85\xb9I\x11\xd8\xfem\xa5)\xd4-\x04\xe0\xc3o4d{\x11\xb3\x12+\xb4\xc3tq\xa7'
-755.259811372986,58.99252403519546,301.0,33.2309,35.7689,2.1472008670307288,57.2054909074318,91.01068950793447,2.676338007248308,1.7558357142857142,5.394600669085128,BIR2-3,sediment,123,b'n\x07\xf6\xd7C\x85\xb9I\x11\xd8\xfem\xa5)\xd4-\x04\xe0\xc3o4d{\x11\xb3\x12+\xb4\xc3tq\xa7'
-766.7851716475675,55.3910810079379,303.5,33.2309,35.7689,4.647200867030729,55.62923630329886,58.841067337979126,3.0598672608063784,2.0750785714285715,5.394600669085128,BIR2-3,sediment,124,b'n\x07\xf6\xd7C\x85\xb9I\x11\xd8\xfem\xa5)\xd4-\x04\xe0\xc3o4d{\x11\xb3\x12+\xb4\xc3tq\xa7'
-777.3885031001826,52.613726327394765,305.8,33.2309,35.7689,2.547200867030729,59.656613044374595,53.46049263063362,3.348094183532272,2.0750785714285715,5.394600669085128,BIR2-3,sediment,125,b'n\x07\xf6\xd7C\x85\xb9I\x11\xd8\xfem\xa5)\xd4-\x04\xe0\xc3o4d{\x11\xb3\x12+\xb4\xc3tq\xa7'
-788.4528489637806,50.35806837276238,308.2,33.2309,35.7689,-0.5527991329692714,59.83571925069589,52.65561821080611,4.139050839726767,2.553942857142857,5.394600669085128,BIR2-3,sediment,126,b'n\x07\xf6\xd7C\x85\xb9I\x11\xd8\xfem\xa5)\xd4-\x04\xe0\xc3o4d{\x11\xb3\x12+\xb4\xc3tq\xa7'
-800.2392564245562,48.413260781749294,310.7,33.2309,35.7689,-14.452799132969272,57.11349109770838,43.84191963765483,2.9137956671053376,1.9154571428571423,5.394600669085128,BIR2-3,sediment,127,b'n\x07\xf6\xd7C\x85\xb9I\x11\xd8\xfem\xa5)\xd4-\x04\xe0\xc3o4d{\x11\xb3\x12+\xb4\xc3tq\xa7'
-812.1986212122482,46.43317202520787,313.1,33.2309,35.7689,-6.052799132969271,55.909310964661564,43.629911831359784,4.734416828729069,3.192428571428571,5.394600669085128,BIR2-3,sediment,128,b'n\x07\xf6\xd7C\x85\xb9I\x11\xd8\xfem\xa5)\xd4-\x04\xe0\xc3o4d{\x11\xb3\x12+\xb4\xc3tq\xa7'
-824.6562928660938,45.36139457546784,315.6,33.2309,35.7689,-3.3527991329692712,52.588888253574815,42.580662001222734,3.556397899781484,2.553942857142857,5.394600669085128,BIR2-3,sediment,129,b'n\x07\xf6\xd7C\x85\xb9I\x11\xd8\xfem\xa5)\xd4-\x04\xe0\xc3o4d{\x11\xb3\x12+\xb4\xc3tq\xa7'
-864.454186326809,47.89803869806857,322.5,33.2309,35.7689,19.34720086703073,72.37592474016456,45.679860085612134,4.862283235734053,1.9154571428571423,5.394600669085128,BIR2-3,sediment,130,b'n\x07\xf6\xd7C\x85\xb9I\x11\xd8\xfem\xa5)\xd4-\x04\xe0\xc3o4d{\x11\xb3\x12+\xb4\xc3tq\xa7'
-880.8967863687602,51.5216272141442,324.8,33.2309,35.7689,13.347200867030729,59.47717511212594,58.90202632553978,2.3077254294008376,1.436592857142857,5.394600669085128,BIR2-3,sediment,131,b'n\x07\xf6\xd7C\x85\xb9I\x11\xd8\xfem\xa5)\xd4-\x04\xe0\xc3o4d{\x11\xb3\x12+\xb4\xc3tq\xa7'
-898.769177718707,57.17459488043324,327.3,33.2309,35.7689,10.64720086703073,62.22209038360212,57.135294606414405,4.408813852544908,2.553942857142857,5.394600669085128,BIR2-3,sediment,132,b'n\x07\xf6\xd7C\x85\xb9I\x11\xd8\xfem\xa5)\xd4-\x04\xe0\xc3o4d{\x11\xb3\x12+\xb4\xc3tq\xa7'
-915.2117777606582,63.555312927678905,329.6,33.2309,35.7689,14.547200867030728,63.609666059567225,58.41597280525521,1.14774536504569,0.6384857142857142,5.394600669085128,BIR2-3,sediment,133,b'n\x07\xf6\xd7C\x85\xb9I\x11\xd8\xfem\xa5)\xd4-\x04\xe0\xc3o4d{\x11\xb3\x12+\xb4\xc3tq\xa7'
-936.672457775996,68.7945928800601,332.0,33.2309,35.7689,6.847200867030728,65.74080547219002,56.28132932049823,2.4579873952117333,1.2769714285714284,5.394600669085128,BIR2-3,sediment,134,b'n\x07\xf6\xd7C\x85\xb9I\x11\xd8\xfem\xa5)\xd4-\x04\xe0\xc3o4d{\x11\xb3\x12+\xb4\xc3tq\xa7'
-958.9937746552116,75.69029648480956,334.4,33.2309,35.7689,13.247200867030731,63.35094287200152,49.895740508502165,1.9929937282911552,1.1173499999999998,5.394600669085128,BIR2-3,sediment,135,b'n\x07\xf6\xd7C\x85\xb9I\x11\xd8\xfem\xa5)\xd4-\x04\xe0\xc3o4d{\x11\xb3\x12+\xb4\xc3tq\xa7'
-979.4549817944932,83.52745351307962,336.6,33.2309,35.7689,19.14720086703073,65.99365469301172,53.27006322701491,4.028980909403566,2.0750785714285715,5.394600669085128,BIR2-3,sediment,136,b'n\x07\xf6\xd7C\x85\xb9I\x11\xd8\xfem\xa5)\xd4-\x04\xe0\xc3o4d{\x11\xb3\x12+\xb4\xc3tq\xa7'
-1001.7762986737088,93.28995069118936,339.0,33.2309,35.7689,18.74720086703073,62.57078189779449,52.42850552263763,6.122412299417021,3.5116714285714283,5.394600669085128,BIR2-3,sediment,137,b'n\x07\xf6\xd7C\x85\xb9I\x11\xd8\xfem\xa5)\xd4-\x04\xe0\xc3o4d{\x11\xb3\x12+\xb4\xc3tq\xa7'
-1025.4206765497847,99.63710449912143,341.4,33.2309,35.7689,11.247200867030731,57.755631500513935,43.58243934547184,3.2016893294354283,2.0750785714285715,5.394600669085128,BIR2-3,sediment,138,b'n\x07\xf6\xd7C\x85\xb9I\x11\xd8\xfem\xa5)\xd4-\x04\xe0\xc3o4d{\x11\xb3\x12+\xb4\xc3tq\xa7'
-1050.0100979950475,104.64843051972522,343.8,33.2309,35.7689,-3.5527991329692714,55.72268670053005,38.29141500923315,2.3582079394288997,1.5962142857142856,5.394600669085128,BIR2-3,sediment,139,b'n\x07\xf6\xd7C\x85\xb9I\x11\xd8\xfem\xa5)\xd4-\x04\xe0\xc3o4d{\x11\xb3\x12+\xb4\xc3tq\xa7'
-1075.6240786671956,111.74997674556786,346.3,33.2309,35.7689,2.347200867030728,62.65776544492741,43.7955260719007,2.5108856391667387,1.436592857142857,5.394600669085128,BIR2-3,sediment,140,b'n\x07\xf6\xd7C\x85\xb9I\x11\xd8\xfem\xa5)\xd4-\x04\xe0\xc3o4d{\x11\xb3\x12+\xb4\xc3tq\xa7'
-1100.2135001124573,120.06207314034263,348.7,33.2309,35.7689,16.24720086703073,61.8721762656554,39.79435075564027,4.093153284335926,2.3943214285714283,5.394600669085128,BIR2-3,sediment,141,b'n\x07\xf6\xd7C\x85\xb9I\x11\xd8\xfem\xa5)\xd4-\x04\xe0\xc3o4d{\x11\xb3\x12+\xb4\xc3tq\xa7'
-1127.4874374358742,126.5380155914374,351.1,33.2309,35.7689,13.047200867030728,64.89358008697208,48.29354410978388,5.078230289083388,2.713564285714285,5.394600669085128,BIR2-3,sediment,142,b'n\x07\xf6\xd7C\x85\xb9I\x11\xd8\xfem\xa5)\xd4-\x04\xe0\xc3o4d{\x11\xb3\x12+\xb4\xc3tq\xa7'
-1157.9339844334731,131.91854776831275,353.5,33.2309,35.7689,12.347200867030729,64.12515359641583,58.267621286855366,1.4575616268867284,0.7981071428571428,5.394600669085128,BIR2-3,sediment,143,b'n\x07\xf6\xd7C\x85\xb9I\x11\xd8\xfem\xa5)\xd4-\x04\xe0\xc3o4d{\x11\xb3\x12+\xb4\xc3tq\xa7'
-1188.380531431072,139.99090587100736,355.9,33.2309,35.7689,3.1472008670307288,68.40797276888617,59.1820061002653,3.0500140536235296,1.436592857142857,5.394600669085128,BIR2-3,sediment,144,b'n\x07\xf6\xd7C\x85\xb9I\x11\xd8\xfem\xa5)\xd4-\x04\xe0\xc3o4d{\x11\xb3\x12+\xb4\xc3tq\xa7'
-1217.5584723037712,149.85223710716514,358.2,33.2309,35.7689,7.747200867030728,62.57078189779449,55.91072025453207,5.287537894951063,3.032807142857142,5.394600669085128,BIR2-3,sediment,145,b'n\x07\xf6\xd7C\x85\xb9I\x11\xd8\xfem\xa5)\xd4-\x04\xe0\xc3o4d{\x11\xb3\x12+\xb4\xc3tq\xa7'
-1251.3295680582733,159.72073844224636,360.7,33.2309,35.7689,21.04720086703073,61.8721762656554,60.042444906984386,1.9101381993567657,1.1173499999999998,5.394600669085128,BIR2-3,sediment,146,b'n\x07\xf6\xd7C\x85\xb9I\x11\xd8\xfem\xa5)\xd4-\x04\xe0\xc3o4d{\x11\xb3\x12+\xb4\xc3tq\xa7'
-1288.8250612227405,165.67241809304252,363.1,33.2309,35.7689,7.347200867030728,70.04338301741183,49.31743931677624,3.26543521372138,1.436592857142857,5.394600669085128,BIR2-3,sediment,147,b'n\x07\xf6\xd7C\x85\xb9I\x11\xd8\xfem\xa5)\xd4-\x04\xe0\xc3o4d{\x11\xb3\x12+\xb4\xc3tq\xa7'
-1326.3205543872066,175.4273882627969,365.5,33.2309,35.7689,17.24720086703073,71.89687655028895,54.948323495167294,5.933216048392799,2.3943214285714283,5.394600669085128,BIR2-3,sediment,148,b'n\x07\xf6\xd7C\x85\xb9I\x11\xd8\xfem\xa5)\xd4-\x04\xe0\xc3o4d{\x11\xb3\x12+\xb4\xc3tq\xa7'
-1374.752233057976,192.6942930727571,368.6,33.2309,35.7689,-3.4527991329692713,60.37106533901877,61.192573769633334,1.835448086485114,1.1173499999999998,5.394600669085128,BIR2-3,sediment,149,b'n\x07\xf6\xd7C\x85\xb9I\x11\xd8\xfem\xa5)\xd4-\x04\xe0\xc3o4d{\x11\xb3\x12+\xb4\xc3tq\xa7'
-1414.0882556076604,203.26255681802272,371.0,33.2309,35.7689,-3.252799132969271,57.29740186871865,56.97237766620803,2.6817263831726423,1.7558357142857142,5.394600669085128,BIR2-3,sediment,150,b'n\x07\xf6\xd7C\x85\xb9I\x11\xd8\xfem\xa5)\xd4-\x04\xe0\xc3o4d{\x11\xb3\x12+\xb4\xc3tq\xa7'
-1457.7473844503577,209.80298738009492,373.5,33.2309,35.7689,12.347200867030729,51.03115098423715,43.02625601648916,2.3815132062548483,1.7558357142857142,5.394600669085128,BIR2-3,sediment,151,b'n\x07\xf6\xd7C\x85\xb9I\x11\xd8\xfem\xa5)\xd4-\x04\xe0\xc3o4d{\x11\xb3\x12+\xb4\xc3tq\xa7'
-1497.9137829856393,219.4673194098301,375.8,33.2309,35.7689,17.34720086703073,49.94512681972404,42.59199066262781,2.766361750201679,2.0750785714285715,5.394600669085128,BIR2-3,sediment,152,b'n\x07\xf6\xd7C\x85\xb9I\x11\xd8\xfem\xa5)\xd4-\x04\xe0\xc3o4d{\x11\xb3\x12+\xb4\xc3tq\xa7'
-1538.0801815209209,232.18168105633896,378.1,33.2309,35.7689,25.847200867030732,56.836956428483205,31.92308891937815,1.689596177823241,1.1173499999999998,5.394600669085128,BIR2-3,sediment,153,b'n\x07\xf6\xd7C\x85\xb9I\x11\xd8\xfem\xa5)\xd4-\x04\xe0\xc3o4d{\x11\xb3\x12+\xb4\xc3tq\xa7'
-1580.1111434531892,244.1783735440633,380.5,33.2309,35.7689,31.24720086703073,44.951849475044526,21.10799349799629,4.169958812600329,3.3520499999999998,5.394600669085128,BIR2-3,sediment,154,b'n\x07\xf6\xd7C\x85\xb9I\x11\xd8\xfem\xa5)\xd4-\x04\xe0\xc3o4d{\x11\xb3\x12+\xb4\xc3tq\xa7'
-1622.5912587099183,243.63403088607916,382.9,33.2309,35.7689,15.047200867030728,40.351459388977645,19.77984281326753,1.5090779265155687,1.2769714285714284,5.394600669085128,BIR2-3,sediment,155,b'n\x07\xf6\xd7C\x85\xb9I\x11\xd8\xfem\xa5)\xd4-\x04\xe0\xc3o4d{\x11\xb3\x12+\xb4\xc3tq\xa7'
-1665.0713739666485,245.94488060140995,385.3,33.2309,35.7689,2.4472008670307295,25.53660994689731,15.2343522894964,6.942701581961877,6.54447857142857,5.394600669085128,BIR2-3,sediment,156,b'n\x07\xf6\xd7C\x85\xb9I\x11\xd8\xfem\xa5)\xd4-\x04\xe0\xc3o4d{\x11\xb3\x12+\xb4\xc3tq\xa7'
-1704.0114796186504,250.5056278699028,387.5,33.2309,35.7689,37.44720086703072,34.04317491189933,22.316923507938267,4.462916519180572,3.990535714285714,5.394600669085128,BIR2-3,sediment,157,b'n\x07\xf6\xd7C\x85\xb9I\x11\xd8\xfem\xa5)\xd4-\x04\xe0\xc3o4d{\x11\xb3\x12+\xb4\xc3tq\xa7'
-1750.3045789408634,257.99735150140333,390.1,33.2309,35.7689,54.34720086703073,33.229347510401055,4.923652030673996,9.227105228699092,8.300314285714286,5.394600669085128,BIR2-3,sediment,158,b'n\x07\xf6\xd7C\x85\xb9I\x11\xd8\xfem\xa5)\xd4-\x04\xe0\xc3o4d{\x11\xb3\x12+\xb4\xc3tq\xa7'
-1799.3360812557312,251.47874661880465,392.5,33.2309,35.7689,21.74720086703073,19.619197718816583,20.525376625735092,4.292570072024839,4.150157142857143,5.394600669085128,BIR2-3,sediment,159,b'n\x07\xf6\xd7C\x85\xb9I\x11\xd8\xfem\xa5)\xd4-\x04\xe0\xc3o4d{\x11\xb3\x12+\xb4\xc3tq\xa7'
-1846.32460430748,249.42077799531504,394.8,33.2309,35.7689,8.347200867030729,64.89358008697208,31.28059197969011,3.5846331452353324,1.9154571428571423,5.394600669085128,BIR2-3,sediment,160,b'n\x07\xf6\xd7C\x85\xb9I\x11\xd8\xfem\xa5)\xd4-\x04\xe0\xc3o4d{\x11\xb3\x12+\xb4\xc3tq\xa7'
-1895.356106622348,251.75481921145663,397.2,33.2309,35.7689,11.14720086703073,52.685398302476436,36.14112718253582,3.1171250308650595,2.2347,5.394600669085128,BIR2-3,sediment,161,b'n\x07\xf6\xd7C\x85\xb9I\x11\xd8\xfem\xa5)\xd4-\x04\xe0\xc3o4d{\x11\xb3\x12+\xb4\xc3tq\xa7'
-1946.430588200336,258.9160148168478,399.7,33.2309,35.7689,-2.652799132969271,56.18855918310983,29.98319051877514,6.9045907451593935,4.629021428571428,5.394600669085128,BIR2-3,sediment,162,b'n\x07\xf6\xd7C\x85\xb9I\x11\xd8\xfem\xa5)\xd4-\x04\xe0\xc3o4d{\x11\xb3\x12+\xb4\xc3tq\xa7'
-2007.473632748832,260.35512460455635,402.2,33.2309,35.7689,-4.552799132969271,31.939255249296675,16.45568988097727,3.5167523395578923,3.192428571428571,5.394600669085128,BIR2-3,sediment,163,b'n\x07\xf6\xd7C\x85\xb9I\x11\xd8\xfem\xa5)\xd4-\x04\xe0\xc3o4d{\x11\xb3\x12+\xb4\xc3tq\xa7'
-2064.8838352697494,267.5259741015124,404.5,33.2309,35.7689,64.44720086703073,48.039561045856615,10.339831102435465,9.722612918732649,7.502207142857143,5.394600669085128,BIR2-3,sediment,164,b'n\x07\xf6\xd7C\x85\xb9I\x11\xd8\xfem\xa5)\xd4-\x04\xe0\xc3o4d{\x11\xb3\x12+\xb4\xc3tq\xa7'
-2129.7823250760043,283.42010659842583,407.1,33.2309,35.7689,1.0472008670307291,52.298764048824594,22.02993075234294,4.201959355460395,3.032807142857142,5.394600669085128,BIR2-3,sediment,165,b'n\x07\xf6\xd7C\x85\xb9I\x11\xd8\xfem\xa5)\xd4-\x04\xe0\xc3o4d{\x11\xb3\x12+\xb4\xc3tq\xa7'
-2187.19252759692,303.3717498628345,409.4,33.2309,35.7689,3.6472008670307288,50.34148566057281,31.680331889269322,3.8541625961238384,2.873185714285714,5.394600669085128,BIR2-3,sediment,166,b'n\x07\xf6\xd7C\x85\xb9I\x11\xd8\xfem\xa5)\xd4-\x04\xe0\xc3o4d{\x11\xb3\x12+\xb4\xc3tq\xa7'
-2246.43436853334,309.6729892834995,411.8,33.2309,35.7689,-1.152799132969271,50.73619486957376,45.076743730808424,3.232055309285144,2.3943214285714283,5.394600669085128,BIR2-3,sediment,167,b'n\x07\xf6\xd7C\x85\xb9I\x11\xd8\xfem\xa5)\xd4-\x04\xe0\xc3o4d{\x11\xb3\x12+\xb4\xc3tq\xa7'
-2305.4547236876683,314.88816189354714,414.2,33.2309,35.7689,-0.2527991329692716,46.19872393350401,42.19764535371769,1.6139199295326023,1.2769714285714284,5.394600669085128,BIR2-3,sediment,168,b'n\x07\xf6\xd7C\x85\xb9I\x11\xd8\xfem\xa5)\xd4-\x04\xe0\xc3o4d{\x11\xb3\x12+\xb4\xc3tq\xa7'
-2362.0158973772327,324.78769324325305,416.5,33.2309,35.7689,-3.252799132969271,47.02120392062303,34.747162369644215,3.467334530000325,2.713564285714285,5.394600669085128,BIR2-3,sediment,169,b'n\x07\xf6\xd7C\x85\xb9I\x11\xd8\xfem\xa5)\xd4-\x04\xe0\xc3o4d{\x11\xb3\x12+\xb4\xc3tq\xa7'
-2421.03625253156,339.7726964363116,418.9,33.2309,35.7689,-0.8527991329692712,46.91877463733301,38.65716893459712,2.8514975837942567,2.2347,5.394600669085128,BIR2-3,sediment,170,b'n\x07\xf6\xd7C\x85\xb9I\x11\xd8\xfem\xa5)\xd4-\x04\xe0\xc3o4d{\x11\xb3\x12+\xb4\xc3tq\xa7'
-2478.9191942530106,345.38052858112826,421.3,33.2309,35.7689,-14.152799132969271,38.139915603322144,31.952219762991213,2.0315711048345086,1.7558357142857142,5.394600669085128,BIR2-3,sediment,171,b'n\x07\xf6\xd7C\x85\xb9I\x11\xd8\xfem\xa5)\xd4-\x04\xe0\xc3o4d{\x11\xb3\x12+\xb4\xc3tq\xa7'
-2533.4680210997903,343.6679983435208,423.6,33.2309,35.7689,-23.45279913296927,49.147416195468146,33.22696390109603,4.204595301558699,3.192428571428571,5.394600669085128,BIR2-3,sediment,172,b'n\x07\xf6\xd7C\x85\xb9I\x11\xd8\xfem\xa5)\xd4-\x04\xe0\xc3o4d{\x11\xb3\x12+\xb4\xc3tq\xa7'
-2592.760224194116,346.26386325275763,426.1,33.2309,35.7689,-0.9527991329692709,45.577270744880785,35.268280794277835,2.801836796400245,2.2347,5.394600669085128,BIR2-3,sediment,173,b'n\x07\xf6\xd7C\x85\xb9I\x11\xd8\xfem\xa5)\xd4-\x04\xe0\xc3o4d{\x11\xb3\x12+\xb4\xc3tq\xa7'
-2649.6807391646685,353.0299118347077,428.5,33.2309,35.7689,4.847200867030728,44.42761499894494,23.811767353341754,5.919088091397385,4.7886428571428565,5.394600669085128,BIR2-3,sediment,174,b'n\x07\xf6\xd7C\x85\xb9I\x11\xd8\xfem\xa5)\xd4-\x04\xe0\xc3o4d{\x11\xb3\x12+\xb4\xc3tq\xa7'
-2706.254047845576,354.2780096577123,430.9,33.2309,35.7689,-14.85279913296927,54.87828725597167,39.06877696564831,4.405879251693135,3.032807142857142,5.394600669085128,BIR2-3,sediment,175,b'n\x07\xf6\xd7C\x85\xb9I\x11\xd8\xfem\xa5)\xd4-\x04\xe0\xc3o4d{\x11\xb3\x12+\xb4\xc3tq\xa7'
-2764.581789024224,343.0548220801096,433.4,33.2309,35.7689,16.64720086703073,46.81623685600339,28.080514862788817,4.678138887705067,3.671292857142857,5.394600669085128,BIR2-3,sediment,176,b'n\x07\xf6\xd7C\x85\xb9I\x11\xd8\xfem\xa5)\xd4-\x04\xe0\xc3o4d{\x11\xb3\x12+\xb4\xc3tq\xa7'
-2818.243310908578,336.4689511767743,435.7,33.2309,35.7689,36.34720086703073,60.28204516069167,22.988011831172454,4.709019892765464,2.873185714285714,5.394600669085128,BIR2-3,sediment,177,b'n\x07\xf6\xd7C\x85\xb9I\x11\xd8\xfem\xa5)\xd4-\x04\xe0\xc3o4d{\x11\xb3\x12+\xb4\xc3tq\xa7'
-2874.2379424400806,333.6550587741464,438.1,33.2309,35.7689,-3.5527991329692714,52.00774475955022,52.89298064024586,9.68236973597718,7.023342857142857,5.394600669085128,BIR2-3,sediment,178,b'n\x07\xf6\xd7C\x85\xb9I\x11\xd8\xfem\xa5)\xd4-\x04\xe0\xc3o4d{\x11\xb3\x12+\xb4\xc3tq\xa7'
-2929.597879423485,330.6926169040023,440.5,33.2309,35.7689,-5.452799132969272,51.12926572837198,67.74593466243795,11.059265142586662,8.140692857142856,5.394600669085128,BIR2-3,sediment,179,b'n\x07\xf6\xd7C\x85\xb9I\x11\xd8\xfem\xa5)\xd4-\x04\xe0\xc3o4d{\x11\xb3\x12+\xb4\xc3tq\xa7'
-2980.3398063866016,315.49900193214575,442.8,33.2309,35.7689,-4.752799132969271,51.22727879259534,70.71835963110385,12.597440462117566,9.258042857142856,5.394600669085128,BIR2-3,sediment,180,b'n\x07\xf6\xd7C\x85\xb9I\x11\xd8\xfem\xa5)\xd4-\x04\xe0\xc3o4d{\x11\xb3\x12+\xb4\xc3tq\xa7'
-3033.2879040872444,303.6035090389914,445.2,33.2309,35.7689,0.14720086703072877,58.66555172386378,73.65086455481853,14.58578509237766,9.258042857142856,5.394600669085128,BIR2-3,sediment,181,b'n\x07\xf6\xd7C\x85\xb9I\x11\xd8\xfem\xa5)\xd4-\x04\xe0\xc3o4d{\x11\xb3\x12+\xb4\xc3tq\xa7'
-3086.236001787888,296.2299290012754,447.6,33.2309,35.7689,-6.352799132969271,52.492279322454905,76.65242036709748,19.749090952800177,14.206307142857142,5.394600669085128,BIR2-3,sediment,182,b'n\x07\xf6\xd7C\x85\xb9I\x11\xd8\xfem\xa5)\xd4-\x04\xe0\xc3o4d{\x11\xb3\x12+\xb4\xc3tq\xa7'
-3139.18409948853,293.7190164529964,450.0,33.2309,35.7689,-18.65279913296927,49.94512681972404,70.0181404642566,18.30054696287264,13.727442857142856,5.394600669085128,BIR2-3,sediment,183,b'n\x07\xf6\xd7C\x85\xb9I\x11\xd8\xfem\xa5)\xd4-\x04\xe0\xc3o4d{\x11\xb3\x12+\xb4\xc3tq\xa7'
-3182.260151131588,283.3988344331194,452.4,33.2309,35.7689,-14.252799132969272,50.24255103939912,76.71823449526032,2.779229110781537,2.0750785714285715,5.394600669085128,BIR2-3,sediment,184,b'n\x07\xf6\xd7C\x85\xb9I\x11\xd8\xfem\xa5)\xd4-\x04\xe0\xc3o4d{\x11\xb3\x12+\xb4\xc3tq\xa7'
-3225.336202774647,276.3044074663957,454.8,33.2309,35.7689,-13.052799132969271,45.16076577855167,79.55741282739983,3.7826132093569993,3.032807142857142,5.394600669085128,BIR2-3,sediment,185,b'n\x07\xf6\xd7C\x85\xb9I\x11\xd8\xfem\xa5)\xd4-\x04\xe0\xc3o4d{\x11\xb3\x12+\xb4\xc3tq\xa7'
-3270.2070899028326,272.61490764874014,457.3,33.2309,35.7689,-11.452799132969272,42.51719336626107,72.67929697431629,3.666882329472239,3.032807142857142,5.394600669085128,BIR2-3,sediment,186,b'n\x07\xf6\xd7C\x85\xb9I\x11\xd8\xfem\xa5)\xd4-\x04\xe0\xc3o4d{\x11\xb3\x12+\xb4\xc3tq\xa7'
-3311.4883060607635,272.6868910051934,459.6,33.2309,35.7689,,,30.13531825764334,9.380544447726054,7.981071428571428,5.394600669085128,BIR2-3,sediment,187,b'n\x07\xf6\xd7C\x85\xb9I\x11\xd8\xfem\xa5)\xd4-\x04\xe0\xc3o4d{\x11\xb3\x12+\xb4\xc3tq\xa7'
-3348.6688017792662,269.4024869729983,462.2,33.2309,35.7689,,,29.54137272397707,5.269188129601336,4.948264285714285,5.394600669085128,BIR2-3,sediment,188,b'n\x07\xf6\xd7C\x85\xb9I\x11\xd8\xfem\xa5)\xd4-\x04\xe0\xc3o4d{\x11\xb3\x12+\xb4\xc3tq\xa7'
-3381.397333173442,267.07955323125924,464.6,33.2309,35.7689,,,27.513002872401056,6.785291507768648,4.469399999999999,5.394600669085128,BIR2-3,sediment,189,b'n\x07\xf6\xd7C\x85\xb9I\x11\xd8\xfem\xa5)\xd4-\x04\xe0\xc3o4d{\x11\xb3\x12+\xb4\xc3tq\xa7'
-3430.490130264704,266.90050956948465,468.2,33.2309,35.7689,-9.85279913296927,66.58132305628956,26.26846849804312,7.593071429363117,3.830914285714285,5.394600669085128,BIR2-3,sediment,190,b'n\x07\xf6\xd7C\x85\xb9I\x11\xd8\xfem\xa5)\xd4-\x04\xe0\xc3o4d{\x11\xb3\x12+\xb4\xc3tq\xa7'
-3463.585925577583,266.8857060607506,470.7,33.2309,35.7689,-27.85279913296927,56.55961439981784,53.23553778273276,9.597964221242693,6.384857142857142,5.394600669085128,BIR2-3,sediment,191,b'n\x07\xf6\xd7C\x85\xb9I\x11\xd8\xfem\xa5)\xd4-\x04\xe0\xc3o4d{\x11\xb3\x12+\xb4\xc3tq\xa7'
-3495.340827855935,262.58303107479884,473.3,33.2309,35.7689,-24.55279913296927,57.93830897941437,80.23335629123619,2.720295609890776,1.7558357142857142,5.394600669085128,BIR2-3,sediment,192,b'n\x07\xf6\xd7C\x85\xb9I\x11\xd8\xfem\xa5)\xd4-\x04\xe0\xc3o4d{\x11\xb3\x12+\xb4\xc3tq\xa7'
-3524.6530453436435,259.9996580760622,475.7,33.2309,35.7689,-22.752799132969272,57.755631500513935,86.83958427059784,4.186824507723252,2.713564285714285,5.394600669085128,BIR2-3,sediment,193,b'n\x07\xf6\xd7C\x85\xb9I\x11\xd8\xfem\xa5)\xd4-\x04\xe0\xc3o4d{\x11\xb3\x12+\xb4\xc3tq\xa7'
-3553.9652628313524,258.79054573121346,478.1,33.2309,35.7689,-26.25279913296927,59.38733119310771,94.42385335126463,4.349499967664931,2.713564285714285,5.394600669085128,BIR2-3,sediment,194,b'n\x07\xf6\xd7C\x85\xb9I\x11\xd8\xfem\xa5)\xd4-\x04\xe0\xc3o4d{\x11\xb3\x12+\xb4\xc3tq\xa7'
-3583.199286508833,257.43742169458375,480.5,33.2309,35.7689,-25.75279913296927,55.0665850660304,89.15818363817063,3.7239348381995008,2.553942857142857,5.394600669085128,BIR2-3,sediment,195,b'n\x07\xf6\xd7C\x85\xb9I\x11\xd8\xfem\xa5)\xd4-\x04\xe0\xc3o4d{\x11\xb3\x12+\xb4\xc3tq\xa7'
-3613.3418773407247,251.52397033013875,483.0,33.2309,35.7689,-23.95279913296927,55.0665850660304,86.34435992917584,4.654918547749376,3.192428571428571,5.394600669085128,BIR2-3,sediment,196,b'n\x07\xf6\xd7C\x85\xb9I\x11\xd8\xfem\xa5)\xd4-\x04\xe0\xc3o4d{\x11\xb3\x12+\xb4\xc3tq\xa7'
-3642.278764539338,247.5024071831735,485.4,33.2309,35.7689,-19.752799132969272,54.689612998854884,85.62957534052205,5.31391854573417,3.671292857142857,5.394600669085128,BIR2-3,sediment,197,b'n\x07\xf6\xd7C\x85\xb9I\x11\xd8\xfem\xa5)\xd4-\x04\xe0\xc3o4d{\x11\xb3\x12+\xb4\xc3tq\xa7'
-3670.009948104679,245.2455321764211,487.7,33.2309,35.7689,-22.35279913296927,55.160593317250665,86.9188849004334,4.896741175251119,3.3520499999999998,5.394600669085128,BIR2-3,sediment,198,b'n\x07\xf6\xd7C\x85\xb9I\x11\xd8\xfem\xa5)\xd4-\x04\xe0\xc3o4d{\x11\xb3\x12+\xb4\xc3tq\xa7'
-3698.935899644268,244.33552170362765,490.1,33.2309,35.7689,-19.252799132969272,57.38922419701412,88.36248003948057,6.35143293234749,4.150157142857143,5.394600669085128,BIR2-3,sediment,199,b'n\x07\xf6\xd7C\x85\xb9I\x11\xd8\xfem\xa5)\xd4-\x04\xe0\xc3o4d{\x11\xb3\x12+\xb4\xc3tq\xa7'
-3728.805099000481,238.6415125049665,492.6,33.2309,35.7689,-20.15279913296927,57.29740186871865,89.42899259175871,3.4131063058560898,2.2347,5.394600669085128,BIR2-3,sediment,200,b'n\x07\xf6\xd7C\x85\xb9I\x11\xd8\xfem\xa5)\xd4-\x04\xe0\xc3o4d{\x11\xb3\x12+\xb4\xc3tq\xa7'
-3757.4795303824462,234.72375602948543,495.0,33.2309,35.7689,-18.95279913296927,60.726336832396164,98.76758581001197,4.233934080828707,2.553942857142857,5.394600669085128,BIR2-3,sediment,201,b'n\x07\xf6\xd7C\x85\xb9I\x11\xd8\xfem\xa5)\xd4-\x04\xe0\xc3o4d{\x11\xb3\x12+\xb4\xc3tq\xa7'
-3784.9591937901614,232.4651989296328,497.3,33.2309,35.7689,-13.052799132969271,60.99194705209229,95.78329271987407,10.392304626582655,6.225235714285714,5.394600669085128,BIR2-3,sediment,202,b'n\x07\xf6\xd7C\x85\xb9I\x11\xd8\xfem\xa5)\xd4-\x04\xe0\xc3o4d{\x11\xb3\x12+\xb4\xc3tq\xa7'
-3814.828393146376,231.7212029626726,499.8,33.2309,35.7689,-15.05279913296927,58.57494746216646,109.65011373975739,12.045418829279813,7.66182857142857,5.394600669085128,BIR2-3,sediment,203,b'n\x07\xf6\xd7C\x85\xb9I\x11\xd8\xfem\xa5)\xd4-\x04\xe0\xc3o4d{\x11\xb3\x12+\xb4\xc3tq\xa7'
-3842.459949223394,225.57851282296016,502.2,33.2309,35.7689,-12.652799132969271,55.348329543862334,110.15235106204922,11.702478914817393,7.981071428571428,5.394600669085128,BIR2-3,sediment,204,b'n\x07\xf6\xd7C\x85\xb9I\x11\xd8\xfem\xa5)\xd4-\x04\xe0\xc3o4d{\x11\xb3\x12+\xb4\xc3tq\xa7'
-3868.84933390321,220.2531114400788,504.5,33.2309,35.7689,-5.352799132969271,56.374268334941604,96.49807730852787,8.843523438262373,5.905992857142857,5.394600669085128,BIR2-3,sediment,205,b'n\x07\xf6\xd7C\x85\xb9I\x11\xd8\xfem\xa5)\xd4-\x04\xe0\xc3o4d{\x11\xb3\x12+\xb4\xc3tq\xa7'
-3897.53344768562,215.8544781218482,507.0,33.2309,35.7689,-6.352799132969271,58.48425761566586,83.63896769362964,10.016656488524116,6.384857142857142,5.394600669085128,BIR2-3,sediment,206,b'n\x07\xf6\xd7C\x85\xb9I\x11\xd8\xfem\xa5)\xd4-\x04\xe0\xc3o4d{\x11\xb3\x12+\xb4\xc3tq\xa7'
-3925.0701969167326,213.0745672496278,509.4,33.2309,35.7689,-14.652799132969271,58.84650437233245,79.0163343802906,16.41599972247594,10.375392857142856,5.394600669085128,BIR2-3,sediment,207,b'n\x07\xf6\xd7C\x85\xb9I\x11\xd8\xfem\xa5)\xd4-\x04\xe0\xc3o4d{\x11\xb3\x12+\xb4\xc3tq\xa7'
-3952.498264566803,206.60600049158592,511.8,33.2309,35.7689,-13.952799132969272,50.44031717871064,65.74831403467572,4.289102577534284,3.192428571428571,5.394600669085128,BIR2-3,sediment,208,b'n\x07\xf6\xd7C\x85\xb9I\x11\xd8\xfem\xa5)\xd4-\x04\xe0\xc3o4d{\x11\xb3\x12+\xb4\xc3tq\xa7'
-3981.031431708874,199.65894915876865,514.3,33.2309,35.7689,-11.152799132969271,55.62923630329886,54.73631568887225,2.1183696420967237,1.436592857142857,5.394600669085128,BIR2-3,sediment,209,b'n\x07\xf6\xd7C\x85\xb9I\x11\xd8\xfem\xa5)\xd4-\x04\xe0\xc3o4d{\x11\xb3\x12+\xb4\xc3tq\xa7'
-4007.281945479581,194.82650741028732,516.6,33.2309,35.7689,-6.452799132969271,54.50056065714457,52.99385967275775,3.2228066164127678,2.2347,5.394600669085128,BIR2-3,sediment,210,b'n\x07\xf6\xd7C\x85\xb9I\x11\xd8\xfem\xa5)\xd4-\x04\xe0\xc3o4d{\x11\xb3\x12+\xb4\xc3tq\xa7'
-4034.67378593597,191.50297419259184,519.0,33.2309,35.7689,-12.552799132969271,53.26239286566346,42.20573725472131,2.924413965487385,2.0750785714285715,5.394600669085128,BIR2-3,sediment,211,b'n\x07\xf6\xd7C\x85\xb9I\x11\xd8\xfem\xa5)\xd4-\x04\xe0\xc3o4d{\x11\xb3\x12+\xb4\xc3tq\xa7'
-4063.020807800534,186.9456654017404,521.5,33.2309,35.7689,-16.65279913296927,49.6467684520772,42.95073160712197,2.9655102979119894,2.2347,5.394600669085128,BIR2-3,sediment,212,b'n\x07\xf6\xd7C\x85\xb9I\x11\xd8\xfem\xa5)\xd4-\x04\xe0\xc3o4d{\x11\xb3\x12+\xb4\xc3tq\xa7'
-4088.985898812392,182.62524390698695,523.8,33.2309,35.7689,-37.05279913296927,57.755631500513935,40.706577728782555,4.186824507723252,2.713564285714285,5.394600669085128,BIR2-3,sediment,213,b'n\x07\xf6\xd7C\x85\xb9I\x11\xd8\xfem\xa5)\xd4-\x04\xe0\xc3o4d{\x11\xb3\x12+\xb4\xc3tq\xa7'
-4118.337740825798,179.8715843967743,526.4,33.2309,35.7689,-17.85279913296927,59.746207502040214,67.42225862229284,5.936680169130258,3.671292857142857,5.394600669085128,BIR2-3,sediment,214,b'n\x07\xf6\xd7C\x85\xb9I\x11\xd8\xfem\xa5)\xd4-\x04\xe0\xc3o4d{\x11\xb3\x12+\xb4\xc3tq\xa7'
-4144.30283183766,179.40026613692476,528.7,33.2309,35.7689,-0.8527991329692712,39.47235892893237,28.672302556187454,3.366156675686308,2.873185714285714,5.394600669085128,BIR2-3,sediment,215,b'n\x07\xf6\xd7C\x85\xb9I\x11\xd8\xfem\xa5)\xd4-\x04\xe0\xc3o4d{\x11\xb3\x12+\xb4\xc3tq\xa7'
-4173.60732845389,179.11903139565587,531.3,33.2309,35.7689,-13.85279913296927,44.3224339833741,59.48949833840315,2.364640343430981,1.9154571428571423,5.394600669085128,BIR2-3,sediment,216,b'n\x07\xf6\xd7C\x85\xb9I\x11\xd8\xfem\xa5)\xd4-\x04\xe0\xc3o4d{\x11\xb3\x12+\xb4\xc3tq\xa7'
-4200.613929579176,179.28184553874163,533.7,33.2309,35.7689,-3.0527991329692714,50.44031717871064,30.19034318446801,3.431282062027427,2.553942857142857,5.394600669085128,BIR2-3,sediment,217,b'n\x07\xf6\xd7C\x85\xb9I\x11\xd8\xfem\xa5)\xd4-\x04\xe0\xc3o4d{\x11\xb3\x12+\xb4\xc3tq\xa7'
-4226.495255657574,181.51169422815795,536.0,33.2309,35.7689,-6.552799132969271,76.5366159790038,27.444491443903676,17.6574319768298,5.427128571428571,5.394600669085128,BIR2-3,sediment,218,b'n\x07\xf6\xd7C\x85\xb9I\x11\xd8\xfem\xa5)\xd4-\x04\xe0\xc3o4d{\x11\xb3\x12+\xb4\xc3tq\xa7'
-4254.627131829744,186.1503941129528,538.5,33.2309,35.7689,-12.452799132969272,61.080324342463506,31.756395758703423,6.677322288864741,3.990535714285714,5.394600669085128,BIR2-3,sediment,219,b'n\x07\xf6\xd7C\x85\xb9I\x11\xd8\xfem\xa5)\xd4-\x04\xe0\xc3o4d{\x11\xb3\x12+\xb4\xc3tq\xa7'
-4282.633057165128,190.83235874880893,541.0,33.2309,35.7689,3.2472008670307284,58.02951693602589,18.21972429976811,13.629648355985308,8.77917857142857,5.394600669085128,BIR2-3,sediment,220,b'n\x07\xf6\xd7C\x85\xb9I\x11\xd8\xfem\xa5)\xd4-\x04\xe0\xc3o4d{\x11\xb3\x12+\xb4\xc3tq\xa7'
-4308.224696318914,194.0771561110732,543.3,33.2309,35.7689,-18.252799132969272,66.99913764813789,15.43772873472091,15.416961797327952,7.66182857142857,5.394600669085128,BIR2-3,sediment,221,b'n\x07\xf6\xd7C\x85\xb9I\x11\xd8\xfem\xa5)\xd4-\x04\xe0\xc3o4d{\x11\xb3\x12+\xb4\xc3tq\xa7'
